Source,Target,Type,Weight
1,2,Undirected,15
1,3,Undirected,65
1,4,Undirected,68
1,5,Undirected,17
1,6,Undirected,119
1,7,Undirected,117
1,8,Undirected,112
1,9,Undirected,74
1,10,Undirected,22
1,11,Undirected,40
1,12,Undirected,11
1,13,Undirected,125
1,14,Undirected,96
1,15,Undirected,91
1,16,Undirected,6
1,17,Undirected,38
1,18,Undirected,3
1,19,Undirected,116
1,20,Undirected,6
2,3,Undirected,14
2,4,Undirected,26
2,5,Undirected,4
2,6,Undirected,25
2,7,Undirected,26
2,8,Undirected,20
2,9,Undirected,14
2,10,Undirected,5
2,11,Undirected,8
2,12,Undirected,5
2,13,Undirected,24
2,14,Undirected,17
2,15,Undirected,19
2,16,Undirected,3
2,17,Undirected,6
2,18,Undirected,2
2,19,Undirected,26
2,20,Undirected,2
3,4,Undirected,101
3,5,Undirected,25
3,6,Undirected,104
3,7,Undirected,104
3,8,Undirected,101
3,9,Undirected,53
3,10,Undirected,29
3,11,Undirected,43
3,12,Undirected,20
3,13,Undirected,116
3,14,Undirected,78
3,15,Undirected,80
3,16,Undirected,6
3,17,Undirected,29
3,18,Undirected,3
3,19,Undirected,105
3,20,Undirected,3
4,5,Undirected,25
4,6,Undirected,110
4,7,Undirected,117
4,8,Undirected,104
4,9,Undirected,58
4,10,Undirected,32
4,11,Undirected,45
4,12,Undirected,17
4,13,Undirected,121
4,14,Undirected,83
4,15,Undirected,81
4,16,Undirected,7
4,17,Undirected,26
4,18,Undirected,4
4,19,Undirected,113
4,20,Undirected,2
5,6,Undirected,26
5,7,Undirected,25
5,8,Undirected,23
5,9,Undirected,14
5,10,Undirected,18
5,11,Undirected,6
5,12,Undirected,5
5,13,Undirected,27
5,14,Undirected,16
5,15,Undirected,13
5,16,Undirected,3
5,17,Undirected,6
5,18,Undirected,3
5,19,Undirected,25
5,20,Undirected,1
6,7,Undirected,154
6,8,Undirected,140
6,9,Undirected,82
6,10,Undirected,28
6,11,Undirected,58
6,12,Undirected,20
6,13,Undirected,164
6,14,Undirected,120
6,15,Undirected,117
6,16,Undirected,11
6,17,Undirected,47
6,18,Undirected,4
6,19,Undirected,155
6,20,Undirected,5
7,8,Undirected,145
7,9,Undirected,83
7,10,Undirected,28
7,11,Undirected,57
7,12,Undirected,17
7,13,Undirected,164
7,14,Undirected,120
7,15,Undirected,119
7,16,Undirected,10
7,17,Undirected,45
7,18,Undirected,4
7,19,Undirected,155
7,20,Undirected,5
8,9,Undirected,81
8,10,Undirected,29
8,11,Undirected,54
8,12,Undirected,20
8,13,Undirected,156
8,14,Undirected,115
8,15,Undirected,109
8,16,Undirected,11
8,17,Undirected,49
8,18,Undirected,4
8,19,Undirected,148
8,20,Undirected,6
9,10,Undirected,19
9,11,Undirected,22
9,12,Undirected,8
9,13,Undirected,88
9,14,Undirected,64
9,15,Undirected,55
9,16,Undirected,8
9,17,Undirected,24
9,18,Undirected,2
9,19,Undirected,81
9,20,Undirected,4
10,11,Undirected,7
10,12,Undirected,7
10,13,Undirected,32
10,14,Undirected,19
10,15,Undirected,20
10,16,Undirected,2
10,17,Undirected,6
10,18,Undirected,2
10,19,Undirected,33
10,20,Undirected,2
11,12,Undirected,6
11,13,Undirected,61
11,14,Undirected,47
11,15,Undirected,55
11,16,Undirected,6
11,17,Undirected,20
11,18,Undirected,3
11,19,Undirected,58
11,20,Undirected,4
12,13,Undirected,17
12,14,Undirected,13
12,15,Undirected,13
12,16,Undirected,4
12,17,Undirected,3
12,18,Undirected,2
12,19,Undirected,20
12,20,Undirected,1
13,14,Undirected,133
13,15,Undirected,125
13,16,Undirected,10
13,17,Undirected,52
13,18,Undirected,3
13,19,Undirected,166
13,20,Undirected,6
14,15,Undirected,102
14,16,Undirected,10
14,17,Undirected,38
14,18,Undirected,2
14,19,Undirected,124
14,20,Undirected,4
15,16,Undirected,6
15,17,Undirected,35
15,18,Undirected,4
15,19,Undirected,122
15,20,Undirected,6
16,17,Undirected,4
16,18,Undirected,1
16,19,Undirected,9
16,20,Undirected,1
17,18,Undirected,1
17,19,Undirected,42
17,20,Undirected,4
18,19,Undirected,4
18,20,Undirected,1
19,20,Undirected,6
1,21,Undirected,127
1,22,Undirected,86
1,23,Undirected,84
1,24,Undirected,61
1,25,Undirected,33
1,26,Undirected,3
1,27,Undirected,114
1,28,Undirected,19
1,29,Undirected,10
1,30,Undirected,51
4,21,Undirected,125
21,22,Undirected,116
21,23,Undirected,129
7,21,Undirected,169
21,24,Undirected,92
14,21,Undirected,136
8,21,Undirected,162
13,21,Undirected,182
9,21,Undirected,90
21,25,Undirected,65
21,26,Undirected,3
21,27,Undirected,158
19,21,Undirected,172
17,21,Undirected,51
21,28,Undirected,38
21,29,Undirected,20
21,30,Undirected,100
4,22,Undirected,53
4,23,Undirected,89
4,24,Undirected,62
4,25,Undirected,65
4,26,Undirected,3
4,27,Undirected,102
4,28,Undirected,32
4,29,Undirected,20
4,30,Undirected,101
22,23,Undirected,81
7,22,Undirected,104
22,24,Undirected,63
14,22,Undirected,93
8,22,Undirected,104
13,22,Undirected,113
9,22,Undirected,55
22,25,Undirected,35
22,26,Undirected,2
22,27,Undirected,107
19,22,Undirected,112
17,22,Undirected,42
22,28,Undirected,23
22,29,Undirected,14
22,30,Undirected,45
7,23,Undirected,118
23,24,Undirected,67
14,23,Undirected,95
8,23,Undirected,115
13,23,Undirected,124
9,23,Undirected,57
23,25,Undirected,47
23,26,Undirected,2
23,27,Undirected,115
19,23,Undirected,121
17,23,Undirected,33
23,28,Undirected,27
23,29,Undirected,14
23,30,Undirected,70
7,24,Undirected,91
7,25,Undirected,58
7,26,Undirected,3
7,27,Undirected,141
7,28,Undirected,35
7,29,Undirected,15
7,30,Undirected,99
14,24,Undirected,71
8,24,Undirected,80
13,24,Undirected,87
9,24,Undirected,48
24,25,Undirected,29
24,26,Undirected,1
24,27,Undirected,76
19,24,Undirected,89
17,24,Undirected,16
24,28,Undirected,22
24,29,Undirected,11
24,30,Undirected,54
14,25,Undirected,41
14,26,Undirected,2
14,27,Undirected,118
14,28,Undirected,25
14,29,Undirected,13
14,30,Undirected,63
8,25,Undirected,54
8,26,Undirected,2
8,27,Undirected,139
8,28,Undirected,33
8,29,Undirected,20
8,30,Undirected,81
13,25,Undirected,62
13,26,Undirected,3
13,27,Undirected,153
13,28,Undirected,34
13,29,Undirected,20
13,30,Undirected,94
9,25,Undirected,33
9,26,Undirected,2
9,27,Undirected,75
9,28,Undirected,21
9,29,Undirected,10
9,30,Undirected,39
25,26,Undirected,3
25,27,Undirected,54
19,25,Undirected,57
17,25,Undirected,20
25,28,Undirected,20
25,29,Undirected,16
25,30,Undirected,51
26,27,Undirected,3
19,26,Undirected,3
17,26,Undirected,2
26,28,Undirected,1
26,29,Undirected,1
26,30,Undirected,2
19,27,Undirected,148
17,27,Undirected,48
27,28,Undirected,31
27,29,Undirected,15
27,30,Undirected,79
19,28,Undirected,35
19,29,Undirected,19
19,30,Undirected,92
17,28,Undirected,12
17,29,Undirected,6
17,30,Undirected,21
28,29,Undirected,7
28,30,Undirected,29
29,30,Undirected,12
1,31,Undirected,100
1,32,Undirected,92
1,33,Undirected,15
1,34,Undirected,24
1,35,Undirected,11
1,36,Undirected,7
1,37,Undirected,28
3,21,Undirected,118
3,31,Undirected,69
3,32,Undirected,92
3,33,Undirected,26
3,34,Undirected,33
3,23,Undirected,84
3,27,Undirected,97
3,25,Undirected,47
3,35,Undirected,14
3,30,Undirected,84
3,36,Undirected,6
3,37,Undirected,26
4,31,Undirected,68
4,32,Undirected,100
4,33,Undirected,27
4,34,Undirected,34
4,35,Undirected,15
4,36,Undirected,7
4,37,Undirected,28
21,31,Undirected,125
21,32,Undirected,142
21,33,Undirected,31
21,34,Undirected,41
10,21,Undirected,34
21,35,Undirected,15
21,36,Undirected,11
21,37,Undirected,38
31,32,Undirected,93
31,33,Undirected,16
31,34,Undirected,29
7,31,Undirected,113
23,31,Undirected,89
10,31,Undirected,19
8,31,Undirected,108
13,31,Undirected,122
14,31,Undirected,89
27,31,Undirected,105
25,31,Undirected,32
31,35,Undirected,10
19,31,Undirected,114
30,31,Undirected,55
31,36,Undirected,8
31,37,Undirected,31
32,33,Undirected,25
32,34,Undirected,34
7,32,Undirected,131
23,32,Undirected,100
10,32,Undirected,23
8,32,Undirected,123
13,32,Undirected,138
14,32,Undirected,105
27,32,Undirected,118
25,32,Undirected,52
32,35,Undirected,13
19,32,Undirected,128
30,32,Undirected,80
32,36,Undirected,8
32,37,Undirected,28
33,34,Undirected,8
7,33,Undirected,23
23,33,Undirected,9
10,33,Undirected,17
8,33,Undirected,25
13,33,Undirected,28
14,33,Undirected,18
27,33,Undirected,22
25,33,Undirected,13
33,35,Undirected,4
19,33,Undirected,25
30,33,Undirected,17
33,36,Undirected,4
33,37,Undirected,9
7,34,Undirected,42
23,34,Undirected,29
10,34,Undirected,11
8,34,Undirected,35
13,34,Undirected,38
14,34,Undirected,29
27,34,Undirected,27
25,34,Undirected,16
34,35,Undirected,7
19,34,Undirected,37
30,34,Undirected,31
34,36,Undirected,3
34,37,Undirected,10
7,35,Undirected,14
7,36,Undirected,8
7,37,Undirected,32
10,23,Undirected,19
23,35,Undirected,6
23,36,Undirected,5
23,37,Undirected,24
10,27,Undirected,28
10,25,Undirected,16
10,35,Undirected,5
10,30,Undirected,21
10,36,Undirected,3
10,37,Undirected,13
8,35,Undirected,10
8,36,Undirected,9
8,37,Undirected,30
13,35,Undirected,15
13,36,Undirected,11
13,37,Undirected,37
14,35,Undirected,6
14,36,Undirected,9
14,37,Undirected,29
27,35,Undirected,9
27,36,Undirected,9
27,37,Undirected,31
25,35,Undirected,7
25,36,Undirected,6
25,37,Undirected,19
19,35,Undirected,14
30,35,Undirected,13
35,36,Undirected,1
35,37,Undirected,4
19,36,Undirected,10
19,37,Undirected,36
30,36,Undirected,7
30,37,Undirected,23
36,37,Undirected,5
4,38,Undirected,63
3,38,Undirected,58
31,38,Undirected,28
21,38,Undirected,66
7,38,Undirected,58
32,38,Undirected,55
23,38,Undirected,50
6,38,Undirected,53
34,38,Undirected,20
24,38,Undirected,35
13,38,Undirected,62
8,38,Undirected,55
38,39,Undirected,31
15,38,Undirected,43
14,38,Undirected,43
38,40,Undirected,10
11,38,Undirected,25
38,41,Undirected,15
38,42,Undirected,6
19,38,Undirected,61
30,38,Undirected,53
38,43,Undirected,31
16,38,Undirected,5
37,38,Undirected,11
4,39,Undirected,53
4,40,Undirected,17
4,41,Undirected,28
4,42,Undirected,9
4,43,Undirected,51
3,24,Undirected,57
3,39,Undirected,53
3,40,Undirected,18
3,41,Undirected,26
3,42,Undirected,10
3,43,Undirected,45
6,31,Undirected,115
24,31,Undirected,62
31,39,Undirected,33
15,31,Undirected,88
31,40,Undirected,27
11,31,Undirected,44
31,41,Undirected,24
31,42,Undirected,23
31,43,Undirected,69
16,31,Undirected,7
6,21,Undirected,166
21,39,Undirected,61
15,21,Undirected,130
21,40,Undirected,37
11,21,Undirected,62
21,41,Undirected,35
21,42,Undirected,25
21,43,Undirected,95
16,21,Undirected,10
7,39,Undirected,55
7,40,Undirected,32
7,41,Undirected,33
7,42,Undirected,25
7,43,Undirected,88
6,32,Undirected,126
24,32,Undirected,79
32,39,Undirected,43
15,32,Undirected,100
32,40,Undirected,27
11,32,Undirected,50
32,41,Undirected,28
32,42,Undirected,18
32,43,Undirected,69
16,32,Undirected,9
6,23,Undirected,119
23,39,Undirected,48
15,23,Undirected,92
23,40,Undirected,30
11,23,Undirected,46
23,41,Undirected,27
23,42,Undirected,17
23,43,Undirected,67
16,23,Undirected,7
6,34,Undirected,39
6,24,Undirected,84
6,39,Undirected,56
6,40,Undirected,32
6,41,Undirected,32
6,42,Undirected,24
6,30,Undirected,90
6,43,Undirected,87
6,37,Undirected,35
24,34,Undirected,32
34,39,Undirected,19
15,34,Undirected,28
34,40,Undirected,9
11,34,Undirected,16
34,41,Undirected,11
34,42,Undirected,3
34,43,Undirected,18
16,34,Undirected,4
24,39,Undirected,32
15,24,Undirected,64
24,40,Undirected,16
11,24,Undirected,31
24,41,Undirected,22
24,42,Undirected,8
24,43,Undirected,50
16,24,Undirected,7
24,37,Undirected,19
13,39,Undirected,54
13,40,Undirected,36
13,41,Undirected,34
13,42,Undirected,25
13,43,Undirected,91
8,39,Undirected,51
8,40,Undirected,34
8,41,Undirected,30
8,42,Undirected,19
8,43,Undirected,81
15,39,Undirected,39
14,39,Undirected,34
39,40,Undirected,7
11,39,Undirected,19
39,41,Undirected,13
39,42,Undirected,4
19,39,Undirected,52
30,39,Undirected,48
39,43,Undirected,26
16,39,Undirected,4
37,39,Undirected,15
15,40,Undirected,32
15,41,Undirected,23
15,42,Undirected,19
15,30,Undirected,66
15,43,Undirected,68
15,37,Undirected,29
14,40,Undirected,30
14,41,Undirected,25
14,42,Undirected,19
14,43,Undirected,72
11,40,Undirected,24
40,41,Undirected,10
40,42,Undirected,9
19,40,Undirected,35
30,40,Undirected,14
40,43,Undirected,25
16,40,Undirected,3
37,40,Undirected,10
11,41,Undirected,13
11,42,Undirected,10
11,30,Undirected,40
11,43,Undirected,34
11,37,Undirected,13
41,42,Undirected,3
19,41,Undirected,34
30,41,Undirected,27
41,43,Undirected,19
16,41,Undirected,5
37,41,Undirected,5
19,42,Undirected,21
30,42,Undirected,6
42,43,Undirected,15
16,42,Undirected,1
37,42,Undirected,2
19,43,Undirected,90
30,43,Undirected,41
16,30,Undirected,6
16,43,Undirected,7
37,43,Undirected,20
16,37,Undirected,5
22,38,Undirected,33
25,38,Undirected,33
12,38,Undirected,11
3,22,Undirected,56
22,31,Undirected,69
12,31,Undirected,14
12,21,Undirected,21
22,32,Undirected,85
6,22,Undirected,105
22,34,Undirected,22
22,39,Undirected,30
15,22,Undirected,84
12,22,Undirected,11
22,40,Undirected,29
11,22,Undirected,39
22,41,Undirected,17
22,43,Undirected,76
16,22,Undirected,6
22,37,Undirected,23
12,32,Undirected,17
12,23,Undirected,16
6,25,Undirected,55
12,34,Undirected,6
25,39,Undirected,24
12,39,Undirected,12
15,25,Undirected,32
12,25,Undirected,8
25,40,Undirected,9
11,25,Undirected,14
25,41,Undirected,13
25,43,Undirected,26
16,25,Undirected,4
12,40,Undirected,3
12,41,Undirected,7
12,30,Undirected,14
12,43,Undirected,11
12,37,Undirected,4
1,44,Undirected,10
1,45,Undirected,61
1,46,Undirected,79
3,44,Undirected,5
3,45,Undirected,38
3,28,Undirected,26
3,46,Undirected,59
4,44,Undirected,3
4,45,Undirected,41
4,46,Undirected,56
2,21,Undirected,24
21,44,Undirected,11
21,45,Undirected,74
21,46,Undirected,111
2,34,Undirected,6
2,33,Undirected,4
2,44,Undirected,1
2,27,Undirected,20
2,45,Undirected,13
2,30,Undirected,20
2,36,Undirected,2
2,28,Undirected,8
2,46,Undirected,12
2,37,Undirected,3
7,44,Undirected,11
7,45,Undirected,66
7,46,Undirected,96
34,44,Undirected,3
9,34,Undirected,20
34,45,Undirected,17
28,34,Undirected,7
34,46,Undirected,19
33,44,Undirected,1
9,33,Undirected,14
15,33,Undirected,16
33,45,Undirected,12
28,33,Undirected,5
33,46,Undirected,15
8,44,Undirected,11
9,44,Undirected,3
13,44,Undirected,11
27,44,Undirected,8
14,44,Undirected,9
10,44,Undirected,2
15,44,Undirected,10
44,45,Undirected,4
30,44,Undirected,3
36,44,Undirected,1
19,44,Undirected,8
28,44,Undirected,2
44,46,Undirected,9
37,44,Undirected,4
8,45,Undirected,66
8,46,Undirected,97
9,45,Undirected,46
9,36,Undirected,8
9,46,Undirected,54
9,37,Undirected,20
13,45,Undirected,71
13,46,Undirected,105
15,27,Undirected,109
27,45,Undirected,64
27,46,Undirected,97
14,45,Undirected,52
14,46,Undirected,78
10,45,Undirected,11
10,28,Undirected,7
10,46,Undirected,18
15,45,Undirected,46
15,36,Undirected,6
15,28,Undirected,26
15,46,Undirected,77
30,45,Undirected,28
36,45,Undirected,6
19,45,Undirected,69
28,45,Undirected,14
45,46,Undirected,47
37,45,Undirected,15
30,46,Undirected,45
28,36,Undirected,2
36,46,Undirected,6
19,46,Undirected,101
28,46,Undirected,23
28,37,Undirected,7
37,46,Undirected,23
1,47,Undirected,2
1,42,Undirected,19
21,47,Undirected,9
4,47,Undirected,10
3,47,Undirected,9
31,47,Undirected,6
9,31,Undirected,64
34,47,Undirected,4
23,47,Undirected,8
32,47,Undirected,10
7,47,Undirected,10
24,47,Undirected,7
6,47,Undirected,7
9,47,Undirected,3
13,47,Undirected,9
11,47,Undirected,5
42,47,Undirected,2
14,47,Undirected,6
15,47,Undirected,8
9,32,Undirected,69
9,42,Undirected,11
1,48,Undirected,6
1,49,Undirected,30
3,48,Undirected,13
3,49,Undirected,37
3,29,Undirected,18
2,48,Undirected,1
2,32,Undirected,23
2,49,Undirected,8
2,25,Undirected,13
2,35,Undirected,2
2,29,Undirected,3
4,48,Undirected,13
4,49,Undirected,39
21,48,Undirected,15
5,21,Undirected,28
21,49,Undirected,58
18,21,Undirected,3
5,48,Undirected,5
32,48,Undirected,13
7,48,Undirected,11
6,48,Undirected,7
8,48,Undirected,14
9,48,Undirected,6
15,48,Undirected,8
11,48,Undirected,4
48,49,Undirected,5
13,48,Undirected,15
25,48,Undirected,6
35,48,Undirected,3
18,48,Undirected,1
19,48,Undirected,11
28,48,Undirected,3
29,48,Undirected,6
30,48,Undirected,5
46,48,Undirected,9
5,32,Undirected,19
5,49,Undirected,7
5,25,Undirected,18
5,35,Undirected,4
5,28,Undirected,5
5,29,Undirected,13
5,30,Undirected,19
5,46,Undirected,13
32,49,Undirected,43
18,32,Undirected,2
28,32,Undirected,29
29,32,Undirected,15
32,46,Undirected,78
7,49,Undirected,51
6,49,Undirected,45
6,35,Undirected,13
6,28,Undirected,29
6,29,Undirected,15
6,46,Undirected,96
8,49,Undirected,47
9,49,Undirected,24
9,35,Undirected,7
15,49,Undirected,45
15,35,Undirected,8
15,29,Undirected,8
11,49,Undirected,17
11,35,Undirected,6
11,28,Undirected,13
11,29,Undirected,3
11,46,Undirected,34
13,49,Undirected,55
25,49,Undirected,13
35,49,Undirected,4
18,49,Undirected,3
19,49,Undirected,55
28,49,Undirected,7
29,49,Undirected,8
30,49,Undirected,33
46,49,Undirected,34
18,25,Undirected,1
25,46,Undirected,35
18,35,Undirected,1
28,35,Undirected,5
29,35,Undirected,4
35,46,Undirected,6
18,28,Undirected,1
18,29,Undirected,1
18,30,Undirected,3
18,46,Undirected,1
29,46,Undirected,15
38,50,Undirected,7
27,38,Undirected,49
38,49,Undirected,29
38,51,Undirected,4
38,52,Undirected,3
18,38,Undirected,1
3,50,Undirected,9
3,51,Undirected,11
3,52,Undirected,11
4,50,Undirected,9
21,50,Undirected,10
23,50,Undirected,4
32,50,Undirected,8
7,50,Undirected,6
6,50,Undirected,7
8,50,Undirected,9
15,50,Undirected,6
13,50,Undirected,9
14,50,Undirected,5
27,50,Undirected,7
49,50,Undirected,4
50,51,Undirected,2
50,52,Undirected,2
19,50,Undirected,7
30,50,Undirected,5
18,50,Undirected,2
4,51,Undirected,7
4,52,Undirected,11
21,51,Undirected,11
21,52,Undirected,14
23,49,Undirected,38
23,51,Undirected,6
23,52,Undirected,12
18,23,Undirected,1
32,51,Undirected,8
32,52,Undirected,11
7,51,Undirected,10
7,52,Undirected,12
6,27,Undirected,141
6,51,Undirected,8
6,52,Undirected,13
8,51,Undirected,6
8,52,Undirected,13
15,51,Undirected,8
15,52,Undirected,9
13,51,Undirected,11
13,52,Undirected,11
14,49,Undirected,39
14,51,Undirected,8
14,52,Undirected,12
27,49,Undirected,43
27,51,Undirected,11
27,52,Undirected,13
18,27,Undirected,2
49,51,Undirected,4
49,52,Undirected,2
51,52,Undirected,2
19,51,Undirected,10
30,51,Undirected,6
18,51,Undirected,1
19,52,Undirected,13
30,52,Undirected,9
18,52,Undirected,1
1,50,Undirected,3
1,53,Undirected,10
1,39,Undirected,31
1,54,Undirected,23
1,55,Undirected,26
1,56,Undirected,9
4,53,Undirected,6
4,54,Undirected,15
4,55,Undirected,21
4,56,Undirected,10
21,53,Undirected,11
21,54,Undirected,27
21,55,Undirected,34
21,56,Undirected,13
31,50,Undirected,2
5,31,Undirected,15
31,53,Undirected,9
31,49,Undirected,38
31,54,Undirected,22
31,55,Undirected,29
18,31,Undirected,1
31,56,Undirected,9
5,50,Undirected,3
50,53,Undirected,2
33,50,Undirected,5
39,50,Undirected,3
50,54,Undirected,2
11,50,Undirected,3
10,50,Undirected,5
50,55,Undirected,2
12,50,Undirected,1
50,56,Undirected,2
6,53,Undirected,13
6,33,Undirected,22
6,54,Undirected,27
6,55,Undirected,32
6,56,Undirected,14
7,53,Undirected,12
7,54,Undirected,26
7,55,Undirected,32
7,56,Undirected,13
5,53,Undirected,4
5,33,Undirected,13
5,27,Undirected,18
5,39,Undirected,11
5,54,Undirected,5
5,55,Undirected,6
5,56,Undirected,4
33,53,Undirected,3
8,53,Undirected,11
27,53,Undirected,11
39,53,Undirected,2
49,53,Undirected,2
53,54,Undirected,6
11,53,Undirected,2
15,53,Undirected,4
10,53,Undirected,2
53,55,Undirected,8
12,53,Undirected,3
30,53,Undirected,5
18,53,Undirected,1
53,56,Undirected,4
19,53,Undirected,12
33,39,Undirected,9
33,49,Undirected,10
33,54,Undirected,4
11,33,Undirected,9
33,55,Undirected,4
12,33,Undirected,5
18,33,Undirected,1
33,56,Undirected,3
8,54,Undirected,24
8,55,Undirected,29
8,56,Undirected,12
27,39,Undirected,44
27,54,Undirected,24
11,27,Undirected,47
27,55,Undirected,29
12,27,Undirected,18
27,56,Undirected,10
39,49,Undirected,20
39,54,Undirected,8
10,39,Undirected,12
39,55,Undirected,12
18,39,Undirected,1
39,56,Undirected,4
49,54,Undirected,6
10,49,Undirected,10
49,55,Undirected,8
12,49,Undirected,4
49,56,Undirected,4
11,54,Undirected,6
15,54,Undirected,18
10,54,Undirected,4
54,55,Undirected,14
12,54,Undirected,3
30,54,Undirected,10
18,54,Undirected,1
54,56,Undirected,10
19,54,Undirected,27
11,55,Undirected,5
11,56,Undirected,4
15,55,Undirected,25
15,56,Undirected,11
10,55,Undirected,5
10,56,Undirected,3
12,55,Undirected,5
30,55,Undirected,13
18,55,Undirected,1
55,56,Undirected,9
19,55,Undirected,31
12,56,Undirected,2
30,56,Undirected,9
18,56,Undirected,1
19,56,Undirected,13
38,48,Undirected,9
33,38,Undirected,16
38,57,Undirected,2
38,45,Undirected,14
21,57,Undirected,2
4,57,Undirected,2
3,57,Undirected,2
22,48,Undirected,6
22,33,Undirected,14
22,57,Undirected,2
22,45,Undirected,51
24,48,Undirected,4
33,48,Undirected,8
48,57,Undirected,1
27,48,Undirected,12
12,48,Undirected,1
14,48,Undirected,8
45,48,Undirected,4
43,48,Undirected,5
32,57,Undirected,1
32,45,Undirected,58
24,33,Undirected,11
24,57,Undirected,1
12,24,Undirected,10
24,45,Undirected,41
33,57,Undirected,1
33,43,Undirected,11
8,57,Undirected,1
27,57,Undirected,2
13,57,Undirected,2
12,57,Undirected,1
11,57,Undirected,1
14,57,Undirected,2
45,57,Undirected,1
43,57,Undirected,2
19,57,Undirected,2
27,43,Undirected,83
12,45,Undirected,8
11,45,Undirected,19
43,45,Undirected,41
5,38,Undirected,12
38,58,Undirected,11
10,38,Undirected,14
38,59,Undirected,5
29,38,Undirected,11
17,38,Undirected,14
38,46,Undirected,33
3,58,Undirected,23
3,59,Undirected,5
22,50,Undirected,1
48,50,Undirected,6
50,58,Undirected,2
50,59,Undirected,3
25,50,Undirected,3
29,50,Undirected,2
17,50,Undirected,1
46,50,Undirected,2
21,58,Undirected,44
21,59,Undirected,5
5,22,Undirected,14
22,58,Undirected,34
10,22,Undirected,16
22,59,Undirected,1
22,46,Undirected,87
23,48,Undirected,4
48,58,Undirected,2
10,48,Undirected,8
48,59,Undirected,3
17,48,Undirected,2
5,23,Undirected,14
5,58,Undirected,9
5,59,Undirected,1
23,58,Undirected,30
23,59,Undirected,2
23,46,Undirected,75
6,58,Undirected,37
6,59,Undirected,4
10,58,Undirected,7
8,58,Undirected,41
13,58,Undirected,41
27,58,Undirected,41
58,59,Undirected,1
25,58,Undirected,14
19,58,Undirected,40
29,58,Undirected,6
17,58,Undirected,17
46,58,Undirected,38
10,59,Undirected,2
10,29,Undirected,13
8,59,Undirected,3
13,59,Undirected,5
27,59,Undirected,3
25,59,Undirected,1
19,59,Undirected,3
29,59,Undirected,1
17,59,Undirected,1
46,59,Undirected,3
17,46,Undirected,42
38,47,Undirected,8
38,55,Undirected,9
28,38,Undirected,19
3,55,Undirected,16
4,58,Undirected,18
31,58,Undirected,32
28,31,Undirected,20
31,46,Undirected,74
7,58,Undirected,37
32,55,Undirected,24
32,58,Undirected,33
23,55,Undirected,26
27,47,Undirected,8
39,47,Undirected,4
25,47,Undirected,5
41,47,Undirected,4
47,55,Undirected,1
12,47,Undirected,1
47,58,Undirected,2
19,47,Undirected,8
28,47,Undirected,5
30,47,Undirected,8
46,47,Undirected,4
37,47,Undirected,2
24,55,Undirected,19
24,58,Undirected,23
24,46,Undirected,55
14,55,Undirected,25
14,58,Undirected,33
27,41,Undirected,24
39,58,Undirected,10
28,39,Undirected,12
39,46,Undirected,32
25,55,Undirected,11
13,55,Undirected,33
41,55,Undirected,5
41,58,Undirected,6
28,41,Undirected,16
41,46,Undirected,17
55,58,Undirected,12
28,55,Undirected,5
46,55,Undirected,22
37,55,Undirected,7
15,58,Undirected,30
12,58,Undirected,4
12,28,Undirected,6
12,46,Undirected,9
28,58,Undirected,6
30,58,Undirected,15
37,58,Undirected,8
38,60,Undirected,13
9,38,Undirected,19
35,38,Undirected,4
3,60,Undirected,26
22,60,Undirected,38
22,47,Undirected,5
22,35,Undirected,4
4,60,Undirected,26
21,60,Undirected,49
7,60,Undirected,44
32,60,Undirected,33
33,60,Undirected,5
33,47,Undirected,2
29,33,Undirected,7
34,48,Undirected,2
48,60,Undirected,2
47,48,Undirected,1
34,60,Undirected,11
29,34,Undirected,4
47,60,Undirected,2
24,60,Undirected,29
9,60,Undirected,29
35,60,Undirected,3
8,60,Undirected,45
10,60,Undirected,5
27,60,Undirected,41
13,60,Undirected,46
43,60,Undirected,33
29,60,Undirected,6
45,60,Undirected,23
19,60,Undirected,45
28,60,Undirected,5
46,60,Undirected,37
35,47,Undirected,1
8,47,Undirected,7
10,47,Undirected,1
43,47,Undirected,5
29,47,Undirected,1
45,47,Undirected,2
24,35,Undirected,7
10,24,Undirected,13
9,43,Undirected,43
35,43,Undirected,4
35,45,Undirected,7
10,43,Undirected,10
29,43,Undirected,7
28,43,Undirected,19
43,46,Undirected,72
29,45,Undirected,6
38,61,Undirected,5
38,62,Undirected,11
21,61,Undirected,5
21,62,Undirected,18
24,50,Undirected,1
50,61,Undirected,2
50,62,Undirected,1
3,61,Undirected,4
3,62,Undirected,17
4,59,Undirected,4
4,61,Undirected,5
4,62,Undirected,15
48,61,Undirected,3
48,55,Undirected,3
48,62,Undirected,1
32,59,Undirected,4
32,61,Undirected,5
32,62,Undirected,17
33,59,Undirected,4
33,61,Undirected,2
33,62,Undirected,4
7,59,Undirected,3
7,61,Undirected,4
7,62,Undirected,15
24,59,Undirected,2
24,49,Undirected,26
24,61,Undirected,2
24,62,Undirected,10
8,61,Undirected,3
8,62,Undirected,15
15,59,Undirected,4
15,61,Undirected,3
15,62,Undirected,14
13,61,Undirected,5
13,62,Undirected,19
49,59,Undirected,3
59,61,Undirected,2
55,59,Undirected,2
59,62,Undirected,2
30,59,Undirected,2
49,61,Undirected,4
49,62,Undirected,8
55,61,Undirected,1
27,61,Undirected,4
61,62,Undirected,1
30,61,Undirected,3
46,61,Undirected,2
55,62,Undirected,9
27,62,Undirected,16
30,62,Undirected,15
46,62,Undirected,8
1,60,Undirected,36
1,51,Undirected,7
1,43,Undirected,66
22,51,Undirected,6
31,48,Undirected,5
31,60,Undirected,31
31,51,Undirected,5
29,31,Undirected,7
31,45,Undirected,56
5,24,Undirected,13
24,51,Undirected,4
5,60,Undirected,5
5,51,Undirected,5
5,43,Undirected,10
5,45,Undirected,10
5,37,Undirected,9
6,60,Undirected,44
6,45,Undirected,67
48,51,Undirected,2
37,48,Undirected,1
25,60,Undirected,14
51,60,Undirected,2
14,60,Undirected,37
30,60,Undirected,22
37,60,Undirected,6
33,51,Undirected,4
25,51,Undirected,4
25,45,Undirected,21
9,51,Undirected,8
35,51,Undirected,1
10,51,Undirected,4
29,51,Undirected,1
43,51,Undirected,5
45,51,Undirected,5
37,51,Undirected,2
46,51,Undirected,7
29,37,Undirected,7
1,63,Undirected,23
3,54,Undirected,14
3,56,Undirected,9
3,63,Undirected,13
9,50,Undirected,4
50,63,Undirected,1
4,63,Undirected,15
21,63,Undirected,25
48,54,Undirected,2
48,56,Undirected,2
48,63,Undirected,3
32,54,Undirected,22
32,56,Undirected,9
32,63,Undirected,20
7,63,Undirected,23
6,63,Undirected,24
8,63,Undirected,22
9,54,Undirected,14
9,56,Undirected,7
9,63,Undirected,17
13,54,Undirected,26
14,54,Undirected,18
54,63,Undirected,16
15,63,Undirected,15
11,63,Undirected,1
13,56,Undirected,14
13,63,Undirected,26
14,56,Undirected,9
14,63,Undirected,20
27,63,Undirected,25
56,63,Undirected,6
19,63,Undirected,25
30,63,Undirected,6
1,64,Undirected,4
1,41,Undirected,20
21,64,Undirected,8
4,64,Undirected,8
3,64,Undirected,7
31,64,Undirected,4
31,63,Undirected,23
48,64,Undirected,2
41,48,Undirected,1
32,64,Undirected,7
6,64,Undirected,7
7,64,Undirected,6
8,64,Undirected,6
13,64,Undirected,8
27,64,Undirected,5
14,64,Undirected,6
15,64,Undirected,5
10,64,Undirected,5
41,64,Undirected,1
19,64,Undirected,5
63,64,Undirected,2
46,64,Undirected,1
10,41,Undirected,7
10,63,Undirected,4
41,63,Undirected,2
46,63,Undirected,12
2,38,Undirected,12
2,24,Undirected,13
2,23,Undirected,20
2,41,Undirected,6
2,58,Undirected,7
2,39,Undirected,10
5,34,Undirected,6
34,49,Undirected,14
34,58,Undirected,10
5,41,Undirected,8
41,49,Undirected,7
49,58,Undirected,17
29,41,Undirected,4
29,39,Undirected,8
38,64,Undirected,4
38,65,Undirected,2
4,65,Undirected,2
21,65,Undirected,2
3,65,Undirected,2
50,64,Undirected,2
50,65,Undirected,2
23,64,Undirected,3
23,65,Undirected,1
23,61,Undirected,3
32,65,Undirected,2
49,64,Undirected,3
9,64,Undirected,5
64,65,Undirected,2
61,64,Undirected,2
29,64,Undirected,2
48,65,Undirected,1
13,65,Undirected,2
8,65,Undirected,1
14,65,Undirected,2
14,61,Undirected,3
27,65,Undirected,1
10,65,Undirected,2
10,61,Undirected,3
49,65,Undirected,1
9,65,Undirected,2
9,61,Undirected,2
61,65,Undirected,1
19,65,Undirected,1
29,65,Undirected,1
19,61,Undirected,4
29,61,Undirected,2
38,66,Undirected,1
3,66,Undirected,3
4,66,Undirected,3
21,66,Undirected,4
22,66,Undirected,3
23,57,Undirected,1
23,66,Undirected,2
7,57,Undirected,1
7,66,Undirected,4
6,57,Undirected,1
6,66,Undirected,4
5,57,Undirected,1
5,40,Undirected,5
5,66,Undirected,1
10,57,Undirected,1
15,57,Undirected,1
40,57,Undirected,1
41,57,Undirected,1
51,57,Undirected,1
30,57,Undirected,1
28,57,Undirected,1
57,66,Undirected,1
10,40,Undirected,4
10,66,Undirected,1
15,66,Undirected,3
14,66,Undirected,3
27,40,Undirected,29
27,66,Undirected,4
40,51,Undirected,2
28,40,Undirected,7
40,66,Undirected,1
41,51,Undirected,1
41,66,Undirected,1
28,51,Undirected,2
51,66,Undirected,1
13,66,Undirected,4
19,66,Undirected,4
43,66,Undirected,2
30,66,Undirected,3
28,66,Undirected,2
38,53,Undirected,3
38,67,Undirected,16
3,53,Undirected,7
3,67,Undirected,31
31,67,Undirected,28
4,67,Undirected,29
21,67,Undirected,45
34,50,Undirected,2
35,50,Undirected,1
50,67,Undirected,1
40,50,Undirected,2
45,50,Undirected,2
23,53,Undirected,6
23,67,Undirected,36
23,45,Undirected,44
7,67,Undirected,45
6,67,Undirected,43
5,67,Undirected,7
34,53,Undirected,6
34,67,Undirected,12
32,53,Undirected,9
32,67,Undirected,37
13,53,Undirected,11
25,53,Undirected,4
53,58,Undirected,6
35,53,Undirected,1
53,67,Undirected,4
40,53,Undirected,1
45,53,Undirected,7
8,67,Undirected,42
13,67,Undirected,42
25,67,Undirected,14
35,58,Undirected,2
58,67,Undirected,13
40,58,Undirected,8
45,58,Undirected,25
35,67,Undirected,2
35,40,Undirected,1
40,67,Undirected,7
19,67,Undirected,41
45,67,Undirected,16
30,67,Undirected,30
40,45,Undirected,11
31,59,Undirected,2
31,61,Undirected,1
6,61,Undirected,3
14,59,Undirected,2
43,59,Undirected,2
43,49,Undirected,29
43,61,Undirected,1
22,54,Undirected,17
22,63,Undirected,13
33,63,Undirected,3
5,63,Undirected,3
43,54,Undirected,13
43,63,Undirected,11
37,50,Undirected,1
33,64,Undirected,3
33,65,Undirected,1
6,65,Undirected,1
59,64,Undirected,1
39,64,Undirected,4
37,64,Undirected,2
15,65,Undirected,1
59,65,Undirected,1
9,59,Undirected,1
39,59,Undirected,1
37,59,Undirected,1
39,65,Undirected,1
37,65,Undirected,1
9,39,Undirected,28
2,31,Undirected,11
26,31,Undirected,1
17,31,Undirected,32
2,42,Undirected,2
2,26,Undirected,1
6,26,Undirected,2
33,42,Undirected,2
26,33,Undirected,1
17,33,Undirected,5
10,42,Undirected,1
10,26,Undirected,1
27,42,Undirected,20
25,42,Undirected,5
26,42,Undirected,1
17,42,Undirected,14
42,45,Undirected,9
42,46,Undirected,21
26,45,Undirected,2
26,46,Undirected,1
17,45,Undirected,22
31,62,Undirected,15
34,59,Undirected,1
34,62,Undirected,3
34,55,Undirected,6
6,62,Undirected,17
43,62,Undirected,6
19,62,Undirected,18
43,55,Undirected,16
36,38,Undirected,4
2,43,Undirected,10
17,32,Undirected,32
6,36,Undirected,9
24,36,Undirected,3
9,41,Undirected,16
16,27,Undirected,6
41,45,Undirected,12
36,41,Undirected,1
17,41,Undirected,9
16,45,Undirected,6
36,43,Undirected,5
17,43,Undirected,33
17,36,Undirected,4
16,36,Undirected,2
16,46,Undirected,5
38,68,Undirected,3
3,68,Undirected,10
4,68,Undirected,10
21,68,Undirected,12
22,67,Undirected,34
22,61,Undirected,1
22,68,Undirected,7
6,68,Undirected,11
24,67,Undirected,26
24,68,Undirected,6
7,68,Undirected,9
5,61,Undirected,1
5,68,Undirected,2
23,68,Undirected,8
32,68,Undirected,8
10,67,Undirected,9
27,67,Undirected,43
14,67,Undirected,32
12,67,Undirected,7
41,67,Undirected,7
61,67,Undirected,1
67,68,Undirected,3
16,67,Undirected,1
29,67,Undirected,5
10,68,Undirected,1
13,68,Undirected,12
27,68,Undirected,11
25,61,Undirected,1
25,68,Undirected,6
14,68,Undirected,10
8,68,Undirected,9
12,61,Undirected,1
12,68,Undirected,3
12,29,Undirected,1
41,61,Undirected,1
41,68,Undirected,1
61,68,Undirected,1
16,61,Undirected,1
16,68,Undirected,2
29,68,Undirected,1
19,68,Undirected,9
30,68,Undirected,9
16,29,Undirected,1
38,69,Undirected,1
21,69,Undirected,1
4,69,Undirected,1
3,69,Undirected,1
50,69,Undirected,1
39,48,Undirected,2
48,69,Undirected,1
33,69,Undirected,1
32,69,Undirected,1
27,69,Undirected,1
39,51,Undirected,2
39,69,Undirected,1
25,69,Undirected,1
13,69,Undirected,1
8,69,Undirected,1
51,69,Undirected,1
10,69,Undirected,1
9,69,Undirected,1
19,69,Undirected,1
35,41,Undirected,3
1,70,Undirected,4
3,70,Undirected,1
4,70,Undirected,1
21,70,Undirected,4
31,70,Undirected,4
23,63,Undirected,18
23,70,Undirected,4
6,70,Undirected,4
33,70,Undirected,1
32,70,Undirected,3
10,70,Undirected,1
8,70,Undirected,4
9,70,Undirected,4
12,63,Undirected,3
12,70,Undirected,1
13,70,Undirected,4
25,63,Undirected,8
25,70,Undirected,1
14,70,Undirected,4
27,70,Undirected,4
19,70,Undirected,4
45,63,Undirected,12
45,70,Undirected,3
63,70,Undirected,4
38,71,Undirected,2
38,56,Undirected,6
3,71,Undirected,2
21,71,Undirected,2
4,71,Undirected,2
31,71,Undirected,1
48,71,Undirected,1
32,71,Undirected,2
7,71,Undirected,2
23,71,Undirected,2
23,56,Undirected,9
5,71,Undirected,1
39,71,Undirected,2
8,71,Undirected,1
25,71,Undirected,1
25,56,Undirected,6
58,71,Undirected,1
56,58,Undirected,3
13,71,Undirected,2
55,71,Undirected,1
49,71,Undirected,2
10,71,Undirected,1
30,71,Undirected,2
29,71,Undirected,1
56,71,Undirected,1
46,71,Undirected,1
29,55,Undirected,3
29,56,Undirected,2
46,56,Undirected,6
2,64,Undirected,2
2,60,Undirected,4
2,67,Undirected,4
24,64,Undirected,2
60,64,Undirected,1
64,67,Undirected,2
11,64,Undirected,2
45,64,Undirected,3
33,67,Undirected,6
49,60,Undirected,15
15,60,Undirected,34
60,67,Undirected,13
11,60,Undirected,13
9,67,Undirected,17
49,67,Undirected,15
45,49,Undirected,11
15,67,Undirected,33
11,67,Undirected,19
38,72,Undirected,4
38,73,Undirected,3
4,72,Undirected,4
4,73,Undirected,3
22,55,Undirected,19
22,72,Undirected,10
22,73,Undirected,2
21,72,Undirected,11
21,73,Undirected,3
32,72,Undirected,12
32,73,Undirected,2
48,72,Undirected,1
48,73,Undirected,1
7,72,Undirected,10
7,73,Undirected,3
15,72,Undirected,11
15,73,Undirected,1
13,72,Undirected,11
13,73,Undirected,2
25,72,Undirected,3
25,73,Undirected,2
27,72,Undirected,11
27,73,Undirected,3
14,72,Undirected,9
14,73,Undirected,2
8,72,Undirected,12
8,73,Undirected,3
17,55,Undirected,8
55,72,Undirected,1
55,73,Undirected,1
17,72,Undirected,3
17,73,Undirected,2
28,72,Undirected,3
28,73,Undirected,2
46,72,Undirected,9
46,73,Undirected,3
72,73,Undirected,1
1,58,Undirected,34
43,58,Undirected,26
1,67,Undirected,31
35,64,Undirected,2
30,64,Undirected,3
35,39,Undirected,5
39,45,Undirected,19
17,39,Undirected,14
17,35,Undirected,1
17,60,Undirected,15
17,49,Undirected,10
38,74,Undirected,2
3,74,Undirected,7
4,74,Undirected,7
21,74,Undirected,18
31,68,Undirected,6
31,74,Undirected,14
6,74,Undirected,16
7,74,Undirected,16
23,74,Undirected,16
13,74,Undirected,18
27,74,Undirected,17
39,67,Undirected,16
39,68,Undirected,7
39,74,Undirected,6
43,67,Undirected,22
67,74,Undirected,8
45,68,Undirected,5
43,68,Undirected,4
68,74,Undirected,2
12,74,Undirected,4
8,74,Undirected,18
45,74,Undirected,7
30,74,Undirected,7
43,74,Undirected,7
19,74,Undirected,17
31,44,Undirected,9
23,44,Undirected,9
23,54,Undirected,21
6,44,Undirected,10
44,54,Undirected,1
44,55,Undirected,2
11,44,Undirected,8
35,44,Undirected,1
39,44,Undirected,3
44,56,Undirected,1
35,54,Undirected,1
35,55,Undirected,1
35,56,Undirected,1
1,40,Undirected,27
1,52,Undirected,11
33,40,Undirected,3
33,52,Undirected,1
34,52,Undirected,3
40,48,Undirected,1
48,52,Undirected,1
40,52,Undirected,2
11,52,Undirected,4
45,52,Undirected,5
1,75,Undirected,11
1,76,Undirected,4
4,75,Undirected,7
4,76,Undirected,3
21,75,Undirected,12
21,76,Undirected,4
31,52,Undirected,7
31,75,Undirected,11
31,76,Undirected,2
2,52,Undirected,2
2,51,Undirected,1
2,75,Undirected,2
2,76,Undirected,1
3,75,Undirected,6
3,76,Undirected,3
23,60,Undirected,30
52,60,Undirected,5
58,60,Undirected,11
60,75,Undirected,4
60,76,Undirected,1
5,52,Undirected,2
5,75,Undirected,5
5,76,Undirected,3
23,75,Undirected,8
23,76,Undirected,2
7,75,Undirected,11
7,76,Undirected,4
6,75,Undirected,11
6,76,Undirected,3
24,52,Undirected,7
24,75,Undirected,6
24,76,Undirected,3
32,75,Undirected,8
32,76,Undirected,4
52,58,Undirected,5
9,52,Undirected,6
52,75,Undirected,1
43,52,Undirected,6
46,52,Undirected,8
52,76,Undirected,1
9,58,Undirected,21
51,58,Undirected,4
58,75,Undirected,6
58,76,Undirected,2
9,75,Undirected,5
9,76,Undirected,3
51,75,Undirected,3
51,76,Undirected,2
13,75,Undirected,13
13,76,Undirected,4
14,75,Undirected,9
14,76,Undirected,4
27,75,Undirected,12
27,76,Undirected,3
15,75,Undirected,8
15,76,Undirected,4
19,75,Undirected,13
45,75,Undirected,8
43,75,Undirected,8
30,75,Undirected,5
46,75,Undirected,9
75,76,Undirected,1
19,76,Undirected,4
45,76,Undirected,2
43,76,Undirected,2
30,76,Undirected,3
46,76,Undirected,3
38,77,Undirected,3
22,53,Undirected,11
22,77,Undirected,4
4,77,Undirected,4
3,77,Undirected,3
3,72,Undirected,5
23,77,Undirected,2
23,72,Undirected,8
32,77,Undirected,3
7,77,Undirected,4
6,77,Undirected,2
6,72,Undirected,8
24,53,Undirected,6
24,77,Undirected,4
24,72,Undirected,6
34,77,Undirected,1
34,72,Undirected,1
53,77,Undirected,1
29,53,Undirected,2
46,53,Undirected,7
53,72,Undirected,1
10,77,Undirected,1
10,72,Undirected,2
27,77,Undirected,3
11,77,Undirected,2
11,72,Undirected,4
8,77,Undirected,3
67,77,Undirected,2
15,77,Undirected,4
19,77,Undirected,4
29,77,Undirected,2
30,77,Undirected,4
46,77,Undirected,4
72,77,Undirected,1
46,67,Undirected,26
67,72,Undirected,5
19,72,Undirected,10
29,72,Undirected,2
30,72,Undirected,4
2,61,Undirected,1
34,64,Undirected,2
34,61,Undirected,1
39,61,Undirected,1
35,61,Undirected,1
26,32,Undirected,1
26,60,Undirected,1
39,60,Undirected,18
15,26,Undirected,1
26,39,Undirected,1
38,78,Undirected,2
21,78,Undirected,3
3,78,Undirected,2
31,78,Undirected,3
22,62,Undirected,9
22,36,Undirected,5
22,78,Undirected,3
32,78,Undirected,3
23,62,Undirected,13
23,78,Undirected,2
6,78,Undirected,3
33,78,Undirected,1
11,62,Undirected,7
14,62,Undirected,15
62,67,Undirected,4
36,62,Undirected,3
62,78,Undirected,2
11,36,Undirected,3
11,78,Undirected,2
27,78,Undirected,3
15,78,Undirected,3
14,78,Undirected,2
36,67,Undirected,1
67,78,Undirected,1
13,78,Undirected,3
30,78,Undirected,2
19,78,Undirected,3
36,78,Undirected,1
46,78,Undirected,2
12,60,Undirected,6
34,68,Undirected,3
15,68,Undirected,5
11,68,Undirected,4
35,68,Undirected,1
28,68,Undirected,2
1,74,Undirected,16
22,74,Undirected,13
60,74,Undirected,6
10,74,Undirected,2
46,74,Undirected,9
5,36,Undirected,2
16,33,Undirected,1
17,37,Undirected,6
24,44,Undirected,3
5,64,Undirected,1
5,44,Undirected,1
44,64,Undirected,1
55,64,Undirected,2
29,44,Undirected,1
9,55,Undirected,20
45,55,Undirected,17
2,55,Undirected,6
2,54,Undirected,7
2,63,Undirected,6
24,54,Undirected,11
24,63,Undirected,11
55,63,Undirected,17
54,58,Undirected,10
45,54,Undirected,15
46,54,Undirected,14
58,63,Undirected,5
22,49,Undirected,30
34,74,Undirected,5
32,74,Undirected,14
24,74,Undirected,9
9,74,Undirected,7
15,74,Undirected,13
49,74,Undirected,11
37,49,Undirected,10
37,67,Undirected,10
37,74,Undirected,3
1,68,Undirected,9
9,68,Undirected,5
55,68,Undirected,1
63,68,Undirected,1
1,62,Undirected,9
1,79,Undirected,1
1,80,Undirected,1
3,79,Undirected,1
3,80,Undirected,2
4,79,Undirected,1
4,80,Undirected,4
21,79,Undirected,1
21,80,Undirected,4
31,79,Undirected,1
31,80,Undirected,3
7,79,Undirected,1
7,80,Undirected,3
6,79,Undirected,1
6,80,Undirected,4
24,79,Undirected,1
24,80,Undirected,2
32,79,Undirected,1
32,80,Undirected,3
5,62,Undirected,3
5,79,Undirected,1
5,80,Undirected,1
36,55,Undirected,2
55,79,Undirected,1
55,80,Undirected,3
9,62,Undirected,7
9,79,Undirected,1
9,80,Undirected,3
10,62,Undirected,3
10,79,Undirected,1
10,80,Undirected,1
39,62,Undirected,8
36,39,Undirected,1
39,63,Undirected,6
39,79,Undirected,1
39,80,Undirected,2
13,79,Undirected,1
13,80,Undirected,4
25,62,Undirected,6
25,79,Undirected,1
25,80,Undirected,4
27,79,Undirected,1
27,80,Undirected,2
62,63,Undirected,5
62,79,Undirected,1
62,80,Undirected,3
37,62,Undirected,7
36,63,Undirected,2
36,79,Undirected,1
36,80,Undirected,1
63,79,Undirected,1
63,80,Undirected,2
37,63,Undirected,2
43,79,Undirected,1
30,79,Undirected,1
19,79,Undirected,1
79,80,Undirected,1
37,79,Undirected,1
46,79,Undirected,1
43,80,Undirected,3
30,80,Undirected,4
19,80,Undirected,4
37,80,Undirected,2
46,80,Undirected,2
62,64,Undirected,1
54,64,Undirected,1
54,62,Undirected,5
45,62,Undirected,6
38,75,Undirected,2
22,75,Undirected,8
33,75,Undirected,3
40,60,Undirected,11
8,75,Undirected,9
25,75,Undirected,2
39,75,Undirected,3
49,75,Undirected,5
40,75,Undirected,2
29,75,Undirected,1
40,49,Undirected,8
29,40,Undirected,2
40,46,Undirected,26
22,76,Undirected,3
10,76,Undirected,2
25,76,Undirected,2
28,67,Undirected,7
67,76,Undirected,2
41,76,Undirected,2
28,76,Undirected,2
29,76,Undirected,2
37,76,Undirected,2
1,66,Undirected,3
60,66,Undirected,1
24,66,Undirected,2
8,66,Undirected,3
9,66,Undirected,3
11,66,Undirected,1
35,66,Undirected,1
25,66,Undirected,2
45,66,Undirected,1
46,66,Undirected,2
1,72,Undirected,8
2,22,Undirected,4
20,22,Undirected,5
20,21,Undirected,5
2,72,Undirected,2
20,31,Undirected,5
31,72,Undirected,9
33,58,Undirected,3
20,33,Undirected,1
33,72,Undirected,1
20,32,Undirected,3
20,23,Undirected,2
20,25,Undirected,1
20,39,Undirected,1
39,72,Undirected,2
11,58,Undirected,7
20,27,Undirected,5
9,72,Undirected,4
20,58,Undirected,3
58,72,Undirected,4
20,45,Undirected,4
20,43,Undirected,2
20,28,Undirected,1
20,29,Undirected,1
20,30,Undirected,1
20,46,Undirected,4
20,72,Undirected,2
20,37,Undirected,1
45,72,Undirected,7
43,72,Undirected,5
37,72,Undirected,4
60,68,Undirected,3
17,68,Undirected,2
46,68,Undirected,5
5,47,Undirected,1
5,42,Undirected,1
33,41,Undirected,3
38,54,Undirected,6
38,63,Undirected,3
38,80,Undirected,3
2,56,Undirected,3
2,80,Undirected,2
24,56,Undirected,5
23,80,Undirected,3
34,54,Undirected,3
34,63,Undirected,1
34,56,Undirected,3
34,80,Undirected,1
8,80,Undirected,2
41,54,Undirected,1
25,54,Undirected,8
54,80,Undirected,2
28,54,Undirected,3
41,56,Undirected,2
41,80,Undirected,2
14,80,Undirected,3
45,56,Undirected,3
45,80,Undirected,2
28,63,Undirected,2
56,80,Undirected,2
28,56,Undirected,2
28,80,Undirected,2
41,62,Undirected,4
28,62,Undirected,4
22,52,Undirected,8
12,52,Undirected,1
39,52,Undirected,4
52,54,Undirected,2
28,52,Undirected,4
16,52,Undirected,1
37,52,Undirected,2
16,54,Undirected,1
37,54,Undirected,6
16,28,Undirected,4
22,42,Undirected,17
17,40,Undirected,12
9,40,Undirected,10
41,75,Undirected,1
12,75,Undirected,1
10,75,Undirected,2
67,75,Undirected,3
28,75,Undirected,1
25,52,Undirected,6
52,67,Undirected,6
29,52,Undirected,2
17,52,Undirected,3
17,67,Undirected,10
22,56,Undirected,8
58,62,Undirected,5
17,54,Undirected,5
56,62,Undirected,3
17,62,Undirected,3
17,56,Undirected,4
54,67,Undirected,5
56,67,Undirected,2
37,56,Undirected,3
17,34,Undirected,8
10,52,Undirected,2
9,53,Undirected,8
14,53,Undirected,6
17,53,Undirected,2
53,63,Undirected,5
37,53,Undirected,3
29,54,Undirected,1
17,63,Undirected,4
29,63,Undirected,1
1,81,Undirected,1
1,82,Undirected,1
1,83,Undirected,1
1,84,Undirected,1
1,85,Undirected,3
21,81,Undirected,2
21,82,Undirected,1
21,83,Undirected,1
21,84,Undirected,1
21,85,Undirected,4
81,82,Undirected,1
31,81,Undirected,1
81,83,Undirected,1
3,81,Undirected,1
81,84,Undirected,1
23,81,Undirected,2
7,81,Undirected,2
6,81,Undirected,2
5,81,Undirected,1
14,81,Undirected,2
15,81,Undirected,2
55,81,Undirected,2
8,81,Undirected,1
9,81,Undirected,1
58,81,Undirected,1
13,81,Undirected,2
27,81,Undirected,1
62,81,Undirected,2
67,81,Undirected,1
75,81,Undirected,1
54,81,Undirected,2
39,81,Undirected,1
51,81,Undirected,1
10,81,Undirected,1
19,81,Undirected,2
45,81,Undirected,1
46,81,Undirected,1
81,85,Undirected,1
37,81,Undirected,2
31,82,Undirected,1
82,83,Undirected,1
3,82,Undirected,1
82,84,Undirected,1
23,82,Undirected,1
7,82,Undirected,1
6,82,Undirected,1
5,82,Undirected,1
14,82,Undirected,1
15,82,Undirected,1
55,82,Undirected,1
8,82,Undirected,1
9,82,Undirected,1
58,82,Undirected,1
13,82,Undirected,1
27,82,Undirected,1
62,82,Undirected,1
67,82,Undirected,1
75,82,Undirected,1
54,82,Undirected,1
39,82,Undirected,1
51,82,Undirected,1
10,82,Undirected,1
19,82,Undirected,1
45,82,Undirected,1
46,82,Undirected,1
82,85,Undirected,1
37,82,Undirected,1
31,83,Undirected,1
31,84,Undirected,1
31,85,Undirected,3
3,83,Undirected,1
83,84,Undirected,1
23,83,Undirected,1
7,83,Undirected,1
6,83,Undirected,1
5,83,Undirected,1
14,83,Undirected,1
15,83,Undirected,1
55,83,Undirected,1
8,83,Undirected,1
9,83,Undirected,1
58,83,Undirected,1
13,83,Undirected,1
27,83,Undirected,1
62,83,Undirected,1
67,83,Undirected,1
75,83,Undirected,1
54,83,Undirected,1
39,83,Undirected,1
51,83,Undirected,1
10,83,Undirected,1
19,83,Undirected,1
45,83,Undirected,1
46,83,Undirected,1
83,85,Undirected,1
37,83,Undirected,1
3,84,Undirected,1
3,85,Undirected,1
23,84,Undirected,1
7,84,Undirected,1
6,84,Undirected,1
5,84,Undirected,1
14,84,Undirected,1
15,84,Undirected,1
55,84,Undirected,1
8,84,Undirected,1
9,84,Undirected,1
58,84,Undirected,1
13,84,Undirected,1
27,84,Undirected,1
62,84,Undirected,1
67,84,Undirected,1
75,84,Undirected,1
54,84,Undirected,1
39,84,Undirected,1
51,84,Undirected,1
10,84,Undirected,1
19,84,Undirected,1
45,84,Undirected,1
46,84,Undirected,1
84,85,Undirected,1
37,84,Undirected,1
23,85,Undirected,3
7,85,Undirected,4
6,85,Undirected,3
5,85,Undirected,1
14,85,Undirected,3
15,85,Undirected,4
55,67,Undirected,4
55,75,Undirected,1
51,55,Undirected,1
55,85,Undirected,1
8,85,Undirected,4
9,85,Undirected,3
58,85,Undirected,4
13,85,Undirected,2
27,85,Undirected,4
62,75,Undirected,1
51,62,Undirected,1
62,85,Undirected,1
51,67,Undirected,1
67,85,Undirected,2
54,75,Undirected,2
75,85,Undirected,1
37,75,Undirected,3
51,54,Undirected,1
54,85,Undirected,2
39,85,Undirected,1
51,85,Undirected,1
10,85,Undirected,1
19,85,Undirected,4
45,85,Undirected,2
46,85,Undirected,4
37,85,Undirected,1
21,77,Undirected,3
60,77,Undirected,1
13,77,Undirected,3
25,77,Undirected,2
14,77,Undirected,3
28,77,Undirected,2
45,77,Undirected,2
43,77,Undirected,2
17,77,Undirected,1
35,62,Undirected,1
14,74,Undirected,13
25,74,Undirected,3
17,74,Undirected,3
42,55,Undirected,2
42,54,Undirected,1
42,63,Undirected,2
33,68,Undirected,1
34,51,Undirected,1
34,75,Undirected,1
53,68,Undirected,1
51,53,Undirected,1
53,75,Undirected,1
58,68,Undirected,2
51,68,Undirected,1
68,75,Undirected,1
33,76,Undirected,1
8,76,Undirected,2
49,76,Undirected,2
40,76,Undirected,1
2,74,Undirected,3
60,72,Undirected,3
12,72,Undirected,1
49,72,Undirected,5
72,74,Undirected,5
42,51,Undirected,2
42,49,Undirected,8
22,71,Undirected,1
6,71,Undirected,1
24,71,Undirected,1
11,71,Undirected,1
15,71,Undirected,1
27,71,Undirected,1
14,71,Undirected,1
19,71,Undirected,1
38,86,Undirected,1
38,81,Undirected,1
38,87,Undirected,1
21,86,Undirected,1
4,86,Undirected,1
81,86,Undirected,1
86,87,Undirected,1
22,86,Undirected,1
6,86,Undirected,1
7,86,Undirected,1
23,86,Undirected,1
13,86,Undirected,1
14,86,Undirected,1
15,86,Undirected,1
54,86,Undirected,1
25,86,Undirected,1
55,86,Undirected,1
49,86,Undirected,1
62,86,Undirected,1
11,86,Undirected,1
80,86,Undirected,1
56,86,Undirected,1
19,86,Undirected,1
30,86,Undirected,1
43,86,Undirected,1
37,86,Undirected,1
21,87,Undirected,1
4,81,Undirected,1
4,87,Undirected,1
81,87,Undirected,1
22,81,Undirected,1
25,81,Undirected,1
49,81,Undirected,1
11,81,Undirected,1
80,81,Undirected,1
56,81,Undirected,1
30,81,Undirected,1
43,81,Undirected,1
22,87,Undirected,1
6,87,Undirected,1
7,87,Undirected,1
23,87,Undirected,1
13,87,Undirected,1
14,87,Undirected,1
15,87,Undirected,1
54,87,Undirected,1
25,87,Undirected,1
55,87,Undirected,1
49,87,Undirected,1
62,87,Undirected,1
11,87,Undirected,1
80,87,Undirected,1
56,87,Undirected,1
19,87,Undirected,1
30,87,Undirected,1
43,87,Undirected,1
37,87,Undirected,1
22,80,Undirected,2
15,80,Undirected,2
49,80,Undirected,1
11,80,Undirected,2
43,56,Undirected,3
47,67,Undirected,3
47,49,Undirected,2
47,77,Undirected,1
39,77,Undirected,1
49,77,Undirected,1
11,74,Undirected,3
62,68,Undirected,1
36,68,Undirected,1
37,68,Undirected,1
42,60,Undirected,5
41,60,Undirected,4
22,85,Undirected,3
24,85,Undirected,1
32,85,Undirected,2
54,60,Undirected,3
60,85,Undirected,1
52,85,Undirected,2
43,85,Undirected,3
36,58,Undirected,1
38,88,Undirected,1
3,88,Undirected,1
4,88,Undirected,1
21,88,Undirected,1
22,88,Undirected,1
23,88,Undirected,1
32,88,Undirected,1
7,88,Undirected,1
24,88,Undirected,1
40,47,Undirected,2
47,88,Undirected,1
17,47,Undirected,1
60,88,Undirected,1
6,88,Undirected,1
11,88,Undirected,1
40,88,Undirected,1
14,88,Undirected,1
15,88,Undirected,1
8,88,Undirected,1
27,88,Undirected,1
13,88,Undirected,1
67,88,Undirected,1
19,88,Undirected,1
43,88,Undirected,1
30,88,Undirected,1
17,88,Undirected,1
3,73,Undirected,2
23,73,Undirected,2
6,73,Undirected,2
11,73,Undirected,1
41,73,Undirected,1
39,73,Undirected,2
62,73,Undirected,1
19,73,Undirected,1
43,73,Undirected,2
30,73,Undirected,2
58,74,Undirected,4
17,51,Undirected,2
51,74,Undirected,1
17,76,Undirected,1
74,76,Undirected,1
2,40,Undirected,2
53,60,Undirected,2
41,53,Undirected,1
55,60,Undirected,3
49,63,Undirected,3
55,74,Undirected,3
54,74,Undirected,2
63,74,Undirected,3
31,73,Undirected,1
34,73,Undirected,1
60,73,Undirected,1
67,73,Undirected,1
12,73,Undirected,1
1,77,Undirected,1
31,77,Undirected,1
11,75,Undirected,2
75,77,Undirected,1
37,77,Undirected,1
2,62,Undirected,2
38,85,Undirected,1
4,85,Undirected,1
2,47,Undirected,1
2,85,Undirected,1
47,52,Undirected,1
47,85,Undirected,1
25,85,Undirected,1
30,85,Undirected,1
28,85,Undirected,1
12,62,Undirected,2
47,62,Undirected,2
31,66,Undirected,2
32,66,Undirected,1
52,55,Undirected,1
52,66,Undirected,1
52,63,Undirected,1
39,66,Undirected,1
55,66,Undirected,1
66,67,Undirected,1
63,67,Undirected,1
63,66,Undirected,1
28,42,Undirected,2
42,72,Undirected,2
51,72,Undirected,1
38,89,Undirected,1
21,89,Undirected,1
3,89,Undirected,1
4,78,Undirected,1
4,89,Undirected,1
31,89,Undirected,1
22,89,Undirected,1
2,78,Undirected,1
2,89,Undirected,1
6,89,Undirected,1
23,89,Undirected,1
32,89,Undirected,1
8,78,Undirected,2
8,89,Undirected,1
13,89,Undirected,1
27,89,Undirected,1
58,80,Undirected,1
58,78,Undirected,1
58,89,Undirected,1
9,78,Undirected,2
9,89,Undirected,1
39,78,Undirected,1
39,89,Undirected,1
25,78,Undirected,1
25,89,Undirected,1
41,78,Undirected,1
41,89,Undirected,1
14,89,Undirected,1
15,89,Undirected,1
55,78,Undirected,1
55,89,Undirected,1
12,80,Undirected,1
12,78,Undirected,1
12,89,Undirected,1
62,89,Undirected,1
11,89,Undirected,1
45,78,Undirected,2
45,89,Undirected,1
43,78,Undirected,1
43,89,Undirected,1
30,89,Undirected,1
19,89,Undirected,1
17,80,Undirected,1
78,80,Undirected,1
80,89,Undirected,1
17,78,Undirected,1
17,89,Undirected,1
28,78,Undirected,1
28,89,Undirected,1
46,89,Undirected,1
78,89,Undirected,1
60,62,Undirected,1
2,68,Undirected,2
72,75,Undirected,1
22,70,Undirected,3
7,70,Undirected,3
15,70,Undirected,2
40,55,Undirected,1
40,63,Undirected,1
36,40,Undirected,2
40,70,Undirected,1
55,70,Undirected,3
43,70,Undirected,1
36,70,Undirected,1
46,70,Undirected,2
38,44,Undirected,1
22,44,Undirected,8
32,44,Undirected,7
44,58,Undirected,3
44,67,Undirected,3
44,49,Undirected,1
42,75,Undirected,2
40,68,Undirected,2
40,74,Undirected,4
12,42,Undirected,1
42,56,Undirected,1
20,40,Undirected,2
40,72,Undirected,3
20,68,Undirected,1
68,72,Undirected,1
43,53,Undirected,4
63,75,Undirected,1
17,75,Undirected,3
53,62,Undirected,1
53,74,Undirected,1
62,74,Undirected,1
43,44,Undirected,6
17,44,Undirected,6
42,58,Undirected,4
16,60,Undirected,1
24,70,Undirected,1
58,70,Undirected,1
54,70,Undirected,2
40,44,Undirected,6
44,62,Undirected,1
40,62,Undirected,1
42,74,Undirected,1
54,72,Undirected,1
42,52,Undirected,1
42,67,Undirected,1
41,74,Undirected,1
41,72,Undirected,1
36,75,Undirected,1
53,70,Undirected,1
20,60,Undirected,2
20,42,Undirected,2
1,78,Undirected,1
56,60,Undirected,2
60,78,Undirected,1
7,78,Undirected,1
20,56,Undirected,1
56,78,Undirected,1
20,78,Undirected,1
36,60,Undirected,1
42,44,Undirected,5
20,44,Undirected,1
16,53,Undirected,1
16,58,Undirected,1
16,55,Undirected,1
16,49,Undirected,1
49,66,Undirected,1
49,85,Undirected,1
42,66,Undirected,1
42,85,Undirected,1
58,66,Undirected,1
17,66,Undirected,1
17,85,Undirected,1
66,85,Undirected,1
60,63,Undirected,1
28,53,Undirected,1
